EAN,PurchasePriceExclVAT,RecommendedPriceInclVAT,BrandName,Sell Price,Color
7394094157607,220,549,Sovtex,378,Not Sure
7394094157607,220,549,Badshop,379,Not Sure
7394094157607,220,549,Byggshop,379,Not Sure
7394094157607,220,549,Bygghemma,379,Not Sure
7394094157607,220,549,Golvshop,379,Not Sure
7394094157607,220,549,Trendhuset,467,Not Sure
7394094157607,220,549,Peace of Home,476,Not Sure
7394094157607,220,549,La Vanille,509,Not Sure
7394094157607,220,549,Rosa Huset,549,Not Sure
7394094157607,220,549,Nordisk textil,549,Not Sure
7394094235923,373,929,Badshop,639,Not Sure
7394094235923,373,929,Badshop,639,Not Sure
7394094235923,373,929,Badshop,639,Not Sure
7394094235923,373,929,Byggshop,639,Not Sure
7394094235923,373,929,Byggshop,639,Not Sure
7394094235923,373,929,Byggshop,639,Not Sure
7394094235923,373,929,Bygghemma,639,Not Sure
7394094235923,373,929,Bygghemma,639,Not Sure
7394094235923,373,929,Bygghemma,639,Not Sure
7394094235923,373,929,Golvshop,639,Not Sure
7394094235923,373,929,Golvshop,639,Not Sure
7394094235923,373,929,Golvshop,639,Not Sure
7394094235923,373,929,Peace of Home,747,Not Sure
7394094235923,373,929,Trendhuset,790,Not Sure
7394094235923,373,929,La Vanille,795,Not Sure
7394094235923,373,929,Peace of Home,809,Not Sure
7394094235930,373,929,Badshop,639,Not Sure
7394094235930,373,929,Badshop,639,Not Sure
7394094235930,373,929,Badshop,639,Not Sure
7394094235930,373,929,Byggshop,639,Not Sure
7394094235930,373,929,Byggshop,639,Not Sure
7394094235930,373,929,Byggshop,639,Not Sure
7394094235930,373,929,Bygghemma,639,Not Sure
7394094235930,373,929,Bygghemma,639,Not Sure
7394094235930,373,929,Bygghemma,639,Not Sure
7394094235930,373,929,Golvshop,639,Not Sure
7394094235930,373,929,Golvshop,639,Not Sure
7394094235930,373,929,Golvshop,639,Not Sure
7394094235930,373,929,Peace of Home,747,Not Sure
7394094235930,373,929,Trendhuset,790,Not Sure
7394094235930,373,929,La Vanille,795,Not Sure
7394094235930,373,929,Peace of Home,809,Not Sure
7394094146328,220,549,No Product Found,,Not Sure
7394094153067,220,549,Nordic Nest,378,Not Sure
7394094153067,220,549,Sovtex,378,Not Sure
7394094153067,220,549,Badshop,379,Not Sure
7394094153067,220,549,Byggshop,379,Not Sure
7394094153067,220,549,Bygghemma,379,Not Sure
7394094153067,220,549,Golvshop,379,Not Sure
7394094153067,220,549,La Vanille,449,Not Sure
7394094153067,220,549,Trendhuset,467,Not Sure
7394094153067,220,549,Peace of Home,476,Not Sure
7394094153067,220,549,Nordisk textil,549,Not Sure
7394094201805,220,549,Sovtex,378,Not Sure
7394094201805,220,549,Badshop,379,Not Sure
7394094201805,220,549,Byggshop,379,Not Sure
7394094201805,220,549,Bygghemma,379,Not Sure
7394094201805,220,549,Golvshop,379,Not Sure
7394094201805,220,549,La Vanille,449,Not Sure
7394094201805,220,549,Trendhuset,467,Not Sure
7394094201805,220,549,Peace of Home,476,Not Sure
7394094201805,220,549,Nordisk textil,549,Not Sure
7394094236005,373,929,Sovtex,639,Not Sure
7394094236005,373,929,Badshop,639,Not Sure
7394094236005,373,929,Byggshop,639,Not Sure
7394094236005,373,929,Bygghemma,639,Not Sure
7394094236005,373,929,Golvshop,639,Not Sure
7394094236005,373,929,La Vanille,778,Not Sure
7394094236005,373,929,Trendhuset,790,Not Sure
7394094236005,373,929,Peace of Home,809,Not Sure
7394094236005,373,929,Nordisk textil,1795,Not Sure
7394094239884,55,135,No Product Found,,Not Sure
7394094240194,59,145,Peace of Home,129,Not Sure
7394094240194,59,145,Amazon,129.55,Not Sure
7394094240194,59,145,La Vanille,145,Not Sure
7394094221735,82,205,Nordic Nest,138,Not Sure
7394094221735,82,205,Sovtex,138,Not Sure
7394094221735,82,205,Badshop,139,Not Sure
7394094221735,82,205,Byggshop,139,Not Sure
7394094221735,82,205,Bygghemma,139,Not Sure
7394094221735,82,205,Golvshop,139,Not Sure
7394094221735,82,205,Trendhuset,169,Not Sure
7394094221735,82,205,Peace of Home,177,Not Sure
7394094221735,82,205,La Vanille,199,Not Sure
7394094221735,82,205,Rosa Huset,209,Not Sure
7394094221735,82,205,Nordisk textil,209,Not Sure
7394094240200,71,175,Peace of Home,156,Not Sure
7394094240200,71,175,Cdon,156,Not Sure
7394094240200,71,175,La Vanille,169,Not Sure
7394094240217,134,335,Badshop,234,Not Sure
7394094240217,134,335,Byggshop,234,Not Sure
7394094240217,134,335,Bygghemma,234,Not Sure
7394094240217,134,335,Golvshop,234,Not Sure
7394094240217,134,335,Trendhuset,285,Not Sure
7394094240217,134,335,Sovtex,289,Not Sure
7394094240217,134,335,Peace of Home,298,Not Sure
7394094240217,134,335,La Vanille,309,Not Sure
7394094240224,122,305,Amazon,209,Not Sure
7394094240224,122,305,Badshop,209,Not Sure
7394094240224,122,305,Byggshop,209,Not Sure
7394094240224,122,305,Bygghemma,209,Not Sure
7394094240224,122,305,Golvshop,209,Not Sure
7394094240224,122,305,Sovtex,253,Not Sure
7394094240224,122,305,Trendhuset,254,Not Sure
7394094240224,122,305,Peace of Home,271,Not Sure
7394094240224,122,305,La Vanille,295,Not Sure
7394094253521,20,49,Sovtex,49,Not Sure
7394094253521,20,49,La Vanille,49,Not Sure
7394094253521,20,49,Amazon,61.18,Not Sure
7394094148889,100,249,Sovtex,167,Not Sure
7394094148889,100,249,Badshop,169,Not Sure
7394094148889,100,249,Byggshop,169,Not Sure
7394094148889,100,249,Bygghemma,169,Not Sure
7394094148889,100,249,Golvshop,169,Not Sure
7394094148889,100,249,Peace of Home,195,Not Sure
7394094149879,105,259,Sovtex,179,Not Sure
7394094149879,105,259,Badshop,179,Not Sure
7394094149879,105,259,Badshop,179,Not Sure
7394094149879,105,259,Badshop,179,Not Sure
7394094149879,105,259,Badshop,179,Not Sure
7394094149879,105,259,Byggshop,179,Not Sure
7394094149879,105,259,Byggshop,179,Not Sure
7394094149879,105,259,Byggshop,179,Not Sure
7394094149879,105,259,Byggshop,179,Not Sure
7394094149879,105,259,Bygghemma,179,Not Sure
7394094149879,105,259,Bygghemma,179,Not Sure
7394094149879,105,259,Bygghemma,179,Not Sure
7394094149879,105,259,Bygghemma,179,Not Sure
7394094149879,105,259,Golvshop,179,Not Sure
7394094149879,105,259,Golvshop,179,Not Sure
7394094149879,105,259,Golvshop,179,Not Sure
7394094149879,105,259,Golvshop,179,Not Sure
7394094149879,105,259,Sovtex,229,Not Sure
7394094149879,105,259,Sovtex,229,Not Sure
7394094149879,105,259,La Vanille,229,Not Sure
7394094149879,105,259,La Vanille,229,Not Sure
7394094149879,105,259,La Vanille,229,Not Sure
7394094149879,105,259,La Vanille,229,Not Sure
7394094149879,105,259,Peace of Home,231,Not Sure
7394094149879,105,259,Peace of Home,231,Not Sure
7394094149879,105,259,Peace of Home,231,Not Sure
7394094149879,105,259,Peace of Home,231,Not Sure
7394094198839,105,259,Sovtex,179,Not Sure
7394094198839,105,259,Badshop,179,Not Sure
7394094198839,105,259,Badshop,179,Not Sure
7394094198839,105,259,Badshop,179,Not Sure
7394094198839,105,259,Badshop,179,Not Sure
7394094198839,105,259,Byggshop,179,Not Sure
7394094198839,105,259,Byggshop,179,Not Sure
7394094198839,105,259,Byggshop,179,Not Sure
7394094198839,105,259,Byggshop,179,Not Sure
7394094198839,105,259,Bygghemma,179,Not Sure
7394094198839,105,259,Bygghemma,179,Not Sure
7394094198839,105,259,Bygghemma,179,Not Sure
7394094198839,105,259,Bygghemma,179,Not Sure
7394094198839,105,259,Golvshop,179,Not Sure
7394094198839,105,259,Golvshop,179,Not Sure
7394094198839,105,259,Golvshop,179,Not Sure
7394094198839,105,259,Golvshop,179,Not Sure
7394094198839,105,259,Sovtex,229,Not Sure
7394094198839,105,259,Sovtex,229,Not Sure
7394094198839,105,259,La Vanille,229,Not Sure
7394094198839,105,259,La Vanille,229,Not Sure
7394094198839,105,259,La Vanille,229,Not Sure
7394094198839,105,259,La Vanille,229,Not Sure
7394094198839,105,259,Peace of Home,231,Not Sure
7394094198839,105,259,Peace of Home,231,Not Sure
7394094198839,105,259,Peace of Home,231,Not Sure
7394094198839,105,259,Peace of Home,231,Not Sure
7394094149008,170,425,La Vanille,265,Not Sure
7394094149008,170,425,Sovtex,266,Not Sure
7394094149008,170,425,Nordic Nest,295,Not Sure
7394094149008,170,425,Sovtex,295,Not Sure
7394094149008,170,425,Nordic Nest,298,Not Sure
7394094149008,170,425,Nordic Nest,299,Not Sure
7394094149008,170,425,Nordic Nest,299,Not Sure
7394094149008,170,425,Badshop,299,Not Sure
7394094149008,170,425,Badshop,299,Not Sure
7394094149008,170,425,Badshop,299,Not Sure
7394094149008,170,425,Badshop,299,Not Sure
7394094149008,170,425,Badshop,299,Not Sure
7394094149008,170,425,Badshop,299,Not Sure
7394094149008,170,425,Badshop,299,Not Sure
7394094149008,170,425,Badshop,299,Not Sure
7394094149008,170,425,Badshop,299,Not Sure
7394094149008,170,425,Badshop,299,Not Sure
7394094149008,170,425,Badshop,299,Not Sure
7394094149008,170,425,Badshop,299,Not Sure
7394094149008,170,425,Byggshop,299,Not Sure
7394094149008,170,425,Byggshop,299,Not Sure
7394094149008,170,425,Byggshop,299,Not Sure
7394094149008,170,425,Byggshop,299,Not Sure
7394094149008,170,425,Byggshop,299,Not Sure
7394094149008,170,425,Byggshop,299,Not Sure
7394094149008,170,425,Byggshop,299,Not Sure
7394094149008,170,425,Byggshop,299,Not Sure
7394094149008,170,425,Byggshop,299,Not Sure
7394094149008,170,425,Byggshop,299,Not Sure
7394094149008,170,425,Byggshop,299,Not Sure
7394094149008,170,425,Byggshop,299,Not Sure
7394094149008,170,425,Bygghemma,299,Not Sure
7394094149008,170,425,Bygghemma,299,Not Sure
7394094149008,170,425,Bygghemma,299,Not Sure
7394094149008,170,425,Bygghemma,299,Not Sure
7394094149008,170,425,Bygghemma,299,Not Sure
7394094149008,170,425,Bygghemma,299,Not Sure
7394094149008,170,425,Bygghemma,299,Not Sure
7394094149008,170,425,Bygghemma,299,Not Sure
7394094149008,170,425,Bygghemma,299,Not Sure
7394094149008,170,425,Bygghemma,299,Not Sure
7394094149008,170,425,Bygghemma,299,Not Sure
7394094149008,170,425,Bygghemma,299,Not Sure
7394094149008,170,425,Golvshop,299,Not Sure
7394094149008,170,425,Golvshop,299,Not Sure
7394094149008,170,425,Golvshop,299,Not Sure
7394094149008,170,425,Golvshop,299,Not Sure
7394094149008,170,425,Golvshop,299,Not Sure
7394094149008,170,425,Golvshop,299,Not Sure
7394094149008,170,425,Golvshop,299,Not Sure
7394094149008,170,425,Golvshop,299,Not Sure
7394094149008,170,425,Golvshop,299,Not Sure
7394094149008,170,425,Golvshop,299,Not Sure
7394094149008,170,425,Golvshop,299,Not Sure
7394094149008,170,425,Golvshop,299,Not Sure
7394094149008,170,425,La Vanille,349,Not Sure
7394094149008,170,425,La Vanille,349,Not Sure
7394094149008,170,425,La Vanille,349,Not Sure
7394094149008,170,425,La Vanille,349,Not Sure
7394094149008,170,425,La Vanille,349,Not Sure
7394094149008,170,425,La Vanille,349,Not Sure
7394094149008,170,425,La Vanille,349,Not Sure
7394094149008,170,425,La Vanille,349,Not Sure
7394094149008,170,425,La Vanille,349,Not Sure
7394094149008,170,425,La Vanille,349,Not Sure
7394094149008,170,425,Sovtex,369,Not Sure
7394094149008,170,425,Sovtex,369,Not Sure
7394094149008,170,425,Sovtex,369,Not Sure
7394094149008,170,425,Sovtex,369,Not Sure
7394094149008,170,425,Sovtex,369,Not Sure
7394094149008,170,425,Peace of Home,378,Not Sure
7394094149008,170,425,Peace of Home,378,Not Sure
7394094149008,170,425,Peace of Home,378,Not Sure
7394094149008,170,425,Peace of Home,378,Not Sure
7394094149008,170,425,Peace of Home,378,Not Sure
7394094149008,170,425,Peace of Home,378,Not Sure
7394094149008,170,425,Peace of Home,378,Not Sure
7394094149008,170,425,Peace of Home,378,Not Sure
7394094149008,170,425,Peace of Home,378,Not Sure
7394094149008,170,425,Peace of Home,378,Not Sure
7394094149008,170,425,Sovtex,399,Not Sure
7394094149015,170,425,La Vanille,265,Not Sure
7394094149015,170,425,Sovtex,266,Not Sure
7394094149015,170,425,Nordic Nest,295,Not Sure
7394094149015,170,425,Sovtex,295,Not Sure
7394094149015,170,425,Nordic Nest,298,Not Sure
7394094149015,170,425,Nordic Nest,299,Not Sure
7394094149015,170,425,Nordic Nest,299,Not Sure
7394094149015,170,425,Badshop,299,Not Sure
7394094149015,170,425,Badshop,299,Not Sure
7394094149015,170,425,Badshop,299,Not Sure
7394094149015,170,425,Badshop,299,Not Sure
7394094149015,170,425,Badshop,299,Not Sure
7394094149015,170,425,Badshop,299,Not Sure
7394094149015,170,425,Badshop,299,Not Sure
7394094149015,170,425,Badshop,299,Not Sure
7394094149015,170,425,Badshop,299,Not Sure
7394094149015,170,425,Badshop,299,Not Sure
7394094149015,170,425,Badshop,299,Not Sure
7394094149015,170,425,Badshop,299,Not Sure
7394094149015,170,425,Byggshop,299,Not Sure
7394094149015,170,425,Byggshop,299,Not Sure
7394094149015,170,425,Byggshop,299,Not Sure
7394094149015,170,425,Byggshop,299,Not Sure
7394094149015,170,425,Byggshop,299,Not Sure
7394094149015,170,425,Byggshop,299,Not Sure
7394094149015,170,425,Byggshop,299,Not Sure
7394094149015,170,425,Byggshop,299,Not Sure
7394094149015,170,425,Byggshop,299,Not Sure
7394094149015,170,425,Byggshop,299,Not Sure
7394094149015,170,425,Byggshop,299,Not Sure
7394094149015,170,425,Byggshop,299,Not Sure
7394094149015,170,425,Bygghemma,299,Not Sure
7394094149015,170,425,Bygghemma,299,Not Sure
7394094149015,170,425,Bygghemma,299,Not Sure
7394094149015,170,425,Bygghemma,299,Not Sure
7394094149015,170,425,Bygghemma,299,Not Sure
7394094149015,170,425,Bygghemma,299,Not Sure
7394094149015,170,425,Bygghemma,299,Not Sure
7394094149015,170,425,Bygghemma,299,Not Sure
7394094149015,170,425,Bygghemma,299,Not Sure
7394094149015,170,425,Bygghemma,299,Not Sure
7394094149015,170,425,Bygghemma,299,Not Sure
7394094149015,170,425,Bygghemma,299,Not Sure
7394094149015,170,425,Golvshop,299,Not Sure
7394094149015,170,425,Golvshop,299,Not Sure
7394094149015,170,425,Golvshop,299,Not Sure
7394094149015,170,425,Golvshop,299,Not Sure
7394094149015,170,425,Golvshop,299,Not Sure
7394094149015,170,425,Golvshop,299,Not Sure
7394094149015,170,425,Golvshop,299,Not Sure
7394094149015,170,425,Golvshop,299,Not Sure
7394094149015,170,425,Golvshop,299,Not Sure
7394094149015,170,425,Golvshop,299,Not Sure
7394094149015,170,425,Golvshop,299,Not Sure
7394094149015,170,425,Golvshop,299,Not Sure
7394094149015,170,425,La Vanille,349,Not Sure
7394094149015,170,425,La Vanille,349,Not Sure
7394094149015,170,425,La Vanille,349,Not Sure
7394094149015,170,425,La Vanille,349,Not Sure
7394094149015,170,425,La Vanille,349,Not Sure
7394094149015,170,425,La Vanille,349,Not Sure
7394094149015,170,425,La Vanille,349,Not Sure
7394094149015,170,425,La Vanille,349,Not Sure
7394094149015,170,425,La Vanille,349,Not Sure
7394094149015,170,425,La Vanille,349,Not Sure
7394094149015,170,425,Sovtex,369,Not Sure
7394094149015,170,425,Sovtex,369,Not Sure
7394094149015,170,425,Sovtex,369,Not Sure
7394094149015,170,425,Sovtex,369,Not Sure
7394094149015,170,425,Sovtex,369,Not Sure
7394094149015,170,425,Peace of Home,378,Not Sure
7394094149015,170,425,Peace of Home,378,Not Sure
7394094149015,170,425,Peace of Home,378,Not Sure
7394094149015,170,425,Peace of Home,378,Not Sure
7394094149015,170,425,Peace of Home,378,Not Sure
7394094149015,170,425,Peace of Home,378,Not Sure
7394094149015,170,425,Peace of Home,378,Not Sure
7394094149015,170,425,Peace of Home,378,Not Sure
7394094149015,170,425,Peace of Home,378,Not Sure
7394094149015,170,425,Peace of Home,378,Not Sure
7394094149015,170,425,Sovtex,399,Not Sure
7394094149046,170,425,La Vanille,265,Not Sure
7394094149046,170,425,Sovtex,266,Not Sure
7394094149046,170,425,Nordic Nest,295,Not Sure
7394094149046,170,425,Sovtex,295,Not Sure
7394094149046,170,425,Nordic Nest,298,Not Sure
7394094149046,170,425,Nordic Nest,299,Not Sure
7394094149046,170,425,Nordic Nest,299,Not Sure
7394094149046,170,425,Badshop,299,Not Sure
7394094149046,170,425,Badshop,299,Not Sure
7394094149046,170,425,Badshop,299,Not Sure
7394094149046,170,425,Badshop,299,Not Sure
7394094149046,170,425,Badshop,299,Not Sure
7394094149046,170,425,Badshop,299,Not Sure
7394094149046,170,425,Badshop,299,Not Sure
7394094149046,170,425,Badshop,299,Not Sure
7394094149046,170,425,Badshop,299,Not Sure
7394094149046,170,425,Badshop,299,Not Sure
7394094149046,170,425,Badshop,299,Not Sure
7394094149046,170,425,Badshop,299,Not Sure
7394094149046,170,425,Byggshop,299,Not Sure
7394094149046,170,425,Byggshop,299,Not Sure
7394094149046,170,425,Byggshop,299,Not Sure
7394094149046,170,425,Byggshop,299,Not Sure
7394094149046,170,425,Byggshop,299,Not Sure
7394094149046,170,425,Byggshop,299,Not Sure
7394094149046,170,425,Byggshop,299,Not Sure
7394094149046,170,425,Byggshop,299,Not Sure
7394094149046,170,425,Byggshop,299,Not Sure
7394094149046,170,425,Byggshop,299,Not Sure
7394094149046,170,425,Byggshop,299,Not Sure
7394094149046,170,425,Byggshop,299,Not Sure
7394094149046,170,425,Bygghemma,299,Not Sure
7394094149046,170,425,Bygghemma,299,Not Sure
7394094149046,170,425,Bygghemma,299,Not Sure
7394094149046,170,425,Bygghemma,299,Not Sure
7394094149046,170,425,Bygghemma,299,Not Sure
7394094149046,170,425,Bygghemma,299,Not Sure
7394094149046,170,425,Bygghemma,299,Not Sure
7394094149046,170,425,Bygghemma,299,Not Sure
7394094149046,170,425,Bygghemma,299,Not Sure
7394094149046,170,425,Bygghemma,299,Not Sure
7394094149046,170,425,Bygghemma,299,Not Sure
7394094149046,170,425,Bygghemma,299,Not Sure
7394094149046,170,425,Golvshop,299,Not Sure
7394094149046,170,425,Golvshop,299,Not Sure
7394094149046,170,425,Golvshop,299,Not Sure
7394094149046,170,425,Golvshop,299,Not Sure
7394094149046,170,425,Golvshop,299,Not Sure
7394094149046,170,425,Golvshop,299,Not Sure
7394094149046,170,425,Golvshop,299,Not Sure
7394094149046,170,425,Golvshop,299,Not Sure
7394094149046,170,425,Golvshop,299,Not Sure
7394094149046,170,425,Golvshop,299,Not Sure
7394094149046,170,425,Golvshop,299,Not Sure
7394094149046,170,425,Golvshop,299,Not Sure
7394094149046,170,425,La Vanille,349,Not Sure
7394094149046,170,425,La Vanille,349,Not Sure
7394094149046,170,425,La Vanille,349,Not Sure
7394094149046,170,425,La Vanille,349,Not Sure
7394094149046,170,425,La Vanille,349,Not Sure
7394094149046,170,425,La Vanille,349,Not Sure
7394094149046,170,425,La Vanille,349,Not Sure
7394094149046,170,425,La Vanille,349,Not Sure
7394094149046,170,425,La Vanille,349,Not Sure
7394094149046,170,425,La Vanille,349,Not Sure
7394094149046,170,425,Sovtex,369,Not Sure
7394094149046,170,425,Sovtex,369,Not Sure
7394094149046,170,425,Sovtex,369,Not Sure
7394094149046,170,425,Sovtex,369,Not Sure
7394094149046,170,425,Sovtex,369,Not Sure
7394094149046,170,425,Peace of Home,378,Not Sure
7394094149046,170,425,Peace of Home,378,Not Sure
7394094149046,170,425,Peace of Home,378,Not Sure
7394094149046,170,425,Peace of Home,378,Not Sure
7394094149046,170,425,Peace of Home,378,Not Sure
7394094149046,170,425,Peace of Home,378,Not Sure
7394094149046,170,425,Peace of Home,378,Not Sure
7394094149046,170,425,Peace of Home,378,Not Sure
7394094149046,170,425,Peace of Home,378,Not Sure
7394094149046,170,425,Peace of Home,378,Not Sure
7394094149046,170,425,Sovtex,399,Not Sure
7394094149060,170,425,La Vanille,265,Not Sure
7394094149060,170,425,Sovtex,266,Not Sure
7394094149060,170,425,Nordic Nest,295,Not Sure
7394094149060,170,425,Sovtex,295,Not Sure
7394094149060,170,425,Nordic Nest,298,Not Sure
7394094149060,170,425,Nordic Nest,299,Not Sure
7394094149060,170,425,Nordic Nest,299,Not Sure
7394094149060,170,425,Badshop,299,Not Sure
7394094149060,170,425,Badshop,299,Not Sure
7394094149060,170,425,Badshop,299,Not Sure
7394094149060,170,425,Badshop,299,Not Sure
7394094149060,170,425,Badshop,299,Not Sure
7394094149060,170,425,Badshop,299,Not Sure
7394094149060,170,425,Badshop,299,Not Sure
7394094149060,170,425,Badshop,299,Not Sure
7394094149060,170,425,Badshop,299,Not Sure
7394094149060,170,425,Badshop,299,Not Sure
7394094149060,170,425,Badshop,299,Not Sure
7394094149060,170,425,Badshop,299,Not Sure
7394094149060,170,425,Byggshop,299,Not Sure
7394094149060,170,425,Byggshop,299,Not Sure
7394094149060,170,425,Byggshop,299,Not Sure
7394094149060,170,425,Byggshop,299,Not Sure
7394094149060,170,425,Byggshop,299,Not Sure
7394094149060,170,425,Byggshop,299,Not Sure
7394094149060,170,425,Byggshop,299,Not Sure
7394094149060,170,425,Byggshop,299,Not Sure
7394094149060,170,425,Byggshop,299,Not Sure
7394094149060,170,425,Byggshop,299,Not Sure
7394094149060,170,425,Byggshop,299,Not Sure
7394094149060,170,425,Byggshop,299,Not Sure
7394094149060,170,425,Bygghemma,299,Not Sure
7394094149060,170,425,Bygghemma,299,Not Sure
7394094149060,170,425,Bygghemma,299,Not Sure
7394094149060,170,425,Bygghemma,299,Not Sure
7394094149060,170,425,Bygghemma,299,Not Sure
7394094149060,170,425,Bygghemma,299,Not Sure
7394094149060,170,425,Bygghemma,299,Not Sure
7394094149060,170,425,Bygghemma,299,Not Sure
7394094149060,170,425,Bygghemma,299,Not Sure
7394094149060,170,425,Bygghemma,299,Not Sure
7394094149060,170,425,Bygghemma,299,Not Sure
7394094149060,170,425,Bygghemma,299,Not Sure
7394094149060,170,425,Golvshop,299,Not Sure
7394094149060,170,425,Golvshop,299,Not Sure
7394094149060,170,425,Golvshop,299,Not Sure
7394094149060,170,425,Golvshop,299,Not Sure
7394094149060,170,425,Golvshop,299,Not Sure
7394094149060,170,425,Golvshop,299,Not Sure
7394094149060,170,425,Golvshop,299,Not Sure
7394094149060,170,425,Golvshop,299,Not Sure
7394094149060,170,425,Golvshop,299,Not Sure
7394094149060,170,425,Golvshop,299,Not Sure
7394094149060,170,425,Golvshop,299,Not Sure
7394094149060,170,425,Golvshop,299,Not Sure
7394094149060,170,425,La Vanille,349,Not Sure
7394094149060,170,425,La Vanille,349,Not Sure
7394094149060,170,425,La Vanille,349,Not Sure
7394094149060,170,425,La Vanille,349,Not Sure
7394094149060,170,425,La Vanille,349,Not Sure
7394094149060,170,425,La Vanille,349,Not Sure
7394094149060,170,425,La Vanille,349,Not Sure
7394094149060,170,425,La Vanille,349,Not Sure
7394094149060,170,425,La Vanille,349,Not Sure
7394094149060,170,425,La Vanille,349,Not Sure
7394094149060,170,425,Sovtex,369,Not Sure
7394094149060,170,425,Sovtex,369,Not Sure
7394094149060,170,425,Sovtex,369,Not Sure
7394094149060,170,425,Sovtex,369,Not Sure
7394094149060,170,425,Sovtex,369,Not Sure
7394094149060,170,425,Peace of Home,378,Not Sure
7394094149060,170,425,Peace of Home,378,Not Sure
7394094149060,170,425,Peace of Home,378,Not Sure
7394094149060,170,425,Peace of Home,378,Not Sure
7394094149060,170,425,Peace of Home,378,Not Sure
7394094149060,170,425,Peace of Home,378,Not Sure
7394094149060,170,425,Peace of Home,378,Not Sure
7394094149060,170,425,Peace of Home,378,Not Sure
7394094149060,170,425,Peace of Home,378,Not Sure
7394094149060,170,425,Peace of Home,378,Not Sure
7394094149060,170,425,Sovtex,399,Not Sure
7394094149077,170,425,La Vanille,265,Not Sure
7394094149077,170,425,Sovtex,266,Not Sure
7394094149077,170,425,Nordic Nest,295,Not Sure
7394094149077,170,425,Sovtex,295,Not Sure
7394094149077,170,425,Nordic Nest,298,Not Sure
7394094149077,170,425,Nordic Nest,299,Not Sure
7394094149077,170,425,Nordic Nest,299,Not Sure
7394094149077,170,425,Badshop,299,Not Sure
7394094149077,170,425,Badshop,299,Not Sure
7394094149077,170,425,Badshop,299,Not Sure
7394094149077,170,425,Badshop,299,Not Sure
7394094149077,170,425,Badshop,299,Not Sure
7394094149077,170,425,Badshop,299,Not Sure
7394094149077,170,425,Badshop,299,Not Sure
7394094149077,170,425,Badshop,299,Not Sure
7394094149077,170,425,Badshop,299,Not Sure
7394094149077,170,425,Badshop,299,Not Sure
7394094149077,170,425,Badshop,299,Not Sure
7394094149077,170,425,Badshop,299,Not Sure
7394094149077,170,425,Byggshop,299,Not Sure
7394094149077,170,425,Byggshop,299,Not Sure
7394094149077,170,425,Byggshop,299,Not Sure
7394094149077,170,425,Byggshop,299,Not Sure
7394094149077,170,425,Byggshop,299,Not Sure
7394094149077,170,425,Byggshop,299,Not Sure
7394094149077,170,425,Byggshop,299,Not Sure
7394094149077,170,425,Byggshop,299,Not Sure
7394094149077,170,425,Byggshop,299,Not Sure
7394094149077,170,425,Byggshop,299,Not Sure
7394094149077,170,425,Byggshop,299,Not Sure
7394094149077,170,425,Byggshop,299,Not Sure
7394094149077,170,425,Bygghemma,299,Not Sure
7394094149077,170,425,Bygghemma,299,Not Sure
7394094149077,170,425,Bygghemma,299,Not Sure
7394094149077,170,425,Bygghemma,299,Not Sure
7394094149077,170,425,Bygghemma,299,Not Sure
7394094149077,170,425,Bygghemma,299,Not Sure
7394094149077,170,425,Bygghemma,299,Not Sure
7394094149077,170,425,Bygghemma,299,Not Sure
7394094149077,170,425,Bygghemma,299,Not Sure
7394094149077,170,425,Bygghemma,299,Not Sure
7394094149077,170,425,Bygghemma,299,Not Sure
7394094149077,170,425,Bygghemma,299,Not Sure
7394094149077,170,425,Golvshop,299,Not Sure
7394094149077,170,425,Golvshop,299,Not Sure
7394094149077,170,425,Golvshop,299,Not Sure
7394094149077,170,425,Golvshop,299,Not Sure
7394094149077,170,425,Golvshop,299,Not Sure
7394094149077,170,425,Golvshop,299,Not Sure
7394094149077,170,425,Golvshop,299,Not Sure
7394094149077,170,425,Golvshop,299,Not Sure
7394094149077,170,425,Golvshop,299,Not Sure
7394094149077,170,425,Golvshop,299,Not Sure
7394094149077,170,425,Golvshop,299,Not Sure
7394094149077,170,425,Golvshop,299,Not Sure
7394094149077,170,425,La Vanille,349,Not Sure
7394094149077,170,425,La Vanille,349,Not Sure
7394094149077,170,425,La Vanille,349,Not Sure
7394094149077,170,425,La Vanille,349,Not Sure
7394094149077,170,425,La Vanille,349,Not Sure
7394094149077,170,425,La Vanille,349,Not Sure
7394094149077,170,425,La Vanille,349,Not Sure
7394094149077,170,425,La Vanille,349,Not Sure
7394094149077,170,425,La Vanille,349,Not Sure
7394094149077,170,425,La Vanille,349,Not Sure
7394094149077,170,425,Sovtex,369,Not Sure
7394094149077,170,425,Sovtex,369,Not Sure
7394094149077,170,425,Sovtex,369,Not Sure
7394094149077,170,425,Sovtex,369,Not Sure
7394094149077,170,425,Sovtex,369,Not Sure
7394094149077,170,425,Peace of Home,378,Not Sure
7394094149077,170,425,Peace of Home,378,Not Sure
7394094149077,170,425,Peace of Home,378,Not Sure
7394094149077,170,425,Peace of Home,378,Not Sure
7394094149077,170,425,Peace of Home,378,Not Sure
7394094149077,170,425,Peace of Home,378,Not Sure
7394094149077,170,425,Peace of Home,378,Not Sure
7394094149077,170,425,Peace of Home,378,Not Sure
7394094149077,170,425,Peace of Home,378,Not Sure
7394094149077,170,425,Peace of Home,378,Not Sure
7394094149077,170,425,Sovtex,399,Not Sure
7394094162175,170,425,La Vanille,265,Not Sure
7394094162175,170,425,Sovtex,266,Not Sure
7394094162175,170,425,Nordic Nest,295,Not Sure
7394094162175,170,425,Sovtex,295,Not Sure
7394094162175,170,425,Nordic Nest,298,Not Sure
7394094162175,170,425,Nordic Nest,299,Not Sure
7394094162175,170,425,Nordic Nest,299,Not Sure
7394094162175,170,425,Badshop,299,Not Sure
7394094162175,170,425,Badshop,299,Not Sure
7394094162175,170,425,Badshop,299,Not Sure
7394094162175,170,425,Badshop,299,Not Sure
7394094162175,170,425,Badshop,299,Not Sure
7394094162175,170,425,Badshop,299,Not Sure
7394094162175,170,425,Badshop,299,Not Sure
7394094162175,170,425,Badshop,299,Not Sure
7394094162175,170,425,Badshop,299,Not Sure
7394094162175,170,425,Badshop,299,Not Sure
7394094162175,170,425,Badshop,299,Not Sure
7394094162175,170,425,Badshop,299,Not Sure
7394094162175,170,425,Byggshop,299,Not Sure
7394094162175,170,425,Byggshop,299,Not Sure
7394094162175,170,425,Byggshop,299,Not Sure
7394094162175,170,425,Byggshop,299,Not Sure
7394094162175,170,425,Byggshop,299,Not Sure
7394094162175,170,425,Byggshop,299,Not Sure
7394094162175,170,425,Byggshop,299,Not Sure
7394094162175,170,425,Byggshop,299,Not Sure
7394094162175,170,425,Byggshop,299,Not Sure
7394094162175,170,425,Byggshop,299,Not Sure
7394094162175,170,425,Byggshop,299,Not Sure
7394094162175,170,425,Byggshop,299,Not Sure
7394094162175,170,425,Bygghemma,299,Not Sure
7394094162175,170,425,Bygghemma,299,Not Sure
7394094162175,170,425,Bygghemma,299,Not Sure
7394094162175,170,425,Bygghemma,299,Not Sure
7394094162175,170,425,Bygghemma,299,Not Sure
7394094162175,170,425,Bygghemma,299,Not Sure
7394094162175,170,425,Bygghemma,299,Not Sure
7394094162175,170,425,Bygghemma,299,Not Sure
7394094162175,170,425,Bygghemma,299,Not Sure
7394094162175,170,425,Bygghemma,299,Not Sure
7394094162175,170,425,Bygghemma,299,Not Sure
7394094162175,170,425,Bygghemma,299,Not Sure
7394094162175,170,425,Golvshop,299,Not Sure
7394094162175,170,425,Golvshop,299,Not Sure
7394094162175,170,425,Golvshop,299,Not Sure
7394094162175,170,425,Golvshop,299,Not Sure
7394094162175,170,425,Golvshop,299,Not Sure
7394094162175,170,425,Golvshop,299,Not Sure
7394094162175,170,425,Golvshop,299,Not Sure
7394094162175,170,425,Golvshop,299,Not Sure
7394094162175,170,425,Golvshop,299,Not Sure
7394094162175,170,425,Golvshop,299,Not Sure
7394094162175,170,425,Golvshop,299,Not Sure
7394094162175,170,425,Golvshop,299,Not Sure
7394094162175,170,425,La Vanille,349,Not Sure
7394094162175,170,425,La Vanille,349,Not Sure
7394094162175,170,425,La Vanille,349,Not Sure
7394094162175,170,425,La Vanille,349,Not Sure
7394094162175,170,425,La Vanille,349,Not Sure
7394094162175,170,425,La Vanille,349,Not Sure
7394094162175,170,425,La Vanille,349,Not Sure
7394094162175,170,425,La Vanille,349,Not Sure
7394094162175,170,425,La Vanille,349,Not Sure
7394094162175,170,425,La Vanille,349,Not Sure
7394094162175,170,425,Sovtex,369,Not Sure
7394094162175,170,425,Sovtex,369,Not Sure
7394094162175,170,425,Sovtex,369,Not Sure
7394094162175,170,425,Sovtex,369,Not Sure
7394094162175,170,425,Sovtex,369,Not Sure
7394094162175,170,425,Peace of Home,378,Not Sure
7394094162175,170,425,Peace of Home,378,Not Sure
7394094162175,170,425,Peace of Home,378,Not Sure
7394094162175,170,425,Peace of Home,378,Not Sure
7394094162175,170,425,Peace of Home,378,Not Sure
7394094162175,170,425,Peace of Home,378,Not Sure
7394094162175,170,425,Peace of Home,378,Not Sure
7394094162175,170,425,Peace of Home,378,Not Sure
7394094162175,170,425,Peace of Home,378,Not Sure
7394094162175,170,425,Peace of Home,378,Not Sure
7394094162175,170,425,Sovtex,399,Not Sure
7394094149114,170,425,La Vanille,265,Not Sure
7394094149114,170,425,Sovtex,266,Not Sure
7394094149114,170,425,Nordic Nest,295,Not Sure
7394094149114,170,425,Sovtex,295,Not Sure
7394094149114,170,425,Nordic Nest,298,Not Sure
7394094149114,170,425,Nordic Nest,299,Not Sure
7394094149114,170,425,Nordic Nest,299,Not Sure
7394094149114,170,425,Badshop,299,Not Sure
7394094149114,170,425,Badshop,299,Not Sure
7394094149114,170,425,Badshop,299,Not Sure
7394094149114,170,425,Badshop,299,Not Sure
7394094149114,170,425,Badshop,299,Not Sure
7394094149114,170,425,Badshop,299,Not Sure
7394094149114,170,425,Badshop,299,Not Sure
7394094149114,170,425,Badshop,299,Not Sure
7394094149114,170,425,Badshop,299,Not Sure
7394094149114,170,425,Badshop,299,Not Sure
7394094149114,170,425,Badshop,299,Not Sure
7394094149114,170,425,Badshop,299,Not Sure
7394094149114,170,425,Byggshop,299,Not Sure
7394094149114,170,425,Byggshop,299,Not Sure
7394094149114,170,425,Byggshop,299,Not Sure
7394094149114,170,425,Byggshop,299,Not Sure
7394094149114,170,425,Byggshop,299,Not Sure
7394094149114,170,425,Byggshop,299,Not Sure
7394094149114,170,425,Byggshop,299,Not Sure
7394094149114,170,425,Byggshop,299,Not Sure
7394094149114,170,425,Byggshop,299,Not Sure
7394094149114,170,425,Byggshop,299,Not Sure
7394094149114,170,425,Byggshop,299,Not Sure
7394094149114,170,425,Byggshop,299,Not Sure
7394094149114,170,425,Bygghemma,299,Not Sure
7394094149114,170,425,Bygghemma,299,Not Sure
7394094149114,170,425,Bygghemma,299,Not Sure
7394094149114,170,425,Bygghemma,299,Not Sure
7394094149114,170,425,Bygghemma,299,Not Sure
7394094149114,170,425,Bygghemma,299,Not Sure
7394094149114,170,425,Bygghemma,299,Not Sure
7394094149114,170,425,Bygghemma,299,Not Sure
7394094149114,170,425,Bygghemma,299,Not Sure
7394094149114,170,425,Bygghemma,299,Not Sure
7394094149114,170,425,Bygghemma,299,Not Sure
7394094149114,170,425,Bygghemma,299,Not Sure
7394094149114,170,425,Golvshop,299,Not Sure
7394094149114,170,425,Golvshop,299,Not Sure
7394094149114,170,425,Golvshop,299,Not Sure
7394094149114,170,425,Golvshop,299,Not Sure
7394094149114,170,425,Golvshop,299,Not Sure
7394094149114,170,425,Golvshop,299,Not Sure
7394094149114,170,425,Golvshop,299,Not Sure
7394094149114,170,425,Golvshop,299,Not Sure
7394094149114,170,425,Golvshop,299,Not Sure
7394094149114,170,425,Golvshop,299,Not Sure
7394094149114,170,425,Golvshop,299,Not Sure
7394094149114,170,425,Golvshop,299,Not Sure
7394094149114,170,425,La Vanille,349,Not Sure
7394094149114,170,425,La Vanille,349,Not Sure
7394094149114,170,425,La Vanille,349,Not Sure
7394094149114,170,425,La Vanille,349,Not Sure
7394094149114,170,425,La Vanille,349,Not Sure
7394094149114,170,425,La Vanille,349,Not Sure
7394094149114,170,425,La Vanille,349,Not Sure
7394094149114,170,425,La Vanille,349,Not Sure
7394094149114,170,425,La Vanille,349,Not Sure
7394094149114,170,425,La Vanille,349,Not Sure
7394094149114,170,425,Sovtex,369,Not Sure
7394094149114,170,425,Sovtex,369,Not Sure
7394094149114,170,425,Sovtex,369,Not Sure
7394094149114,170,425,Sovtex,369,Not Sure
7394094149114,170,425,Sovtex,369,Not Sure
7394094149114,170,425,Peace of Home,378,Not Sure
7394094149114,170,425,Peace of Home,378,Not Sure
7394094149114,170,425,Peace of Home,378,Not Sure
7394094149114,170,425,Peace of Home,378,Not Sure
7394094149114,170,425,Peace of Home,378,Not Sure
7394094149114,170,425,Peace of Home,378,Not Sure
7394094149114,170,425,Peace of Home,378,Not Sure
7394094149114,170,425,Peace of Home,378,Not Sure
7394094149114,170,425,Peace of Home,378,Not Sure
7394094149114,170,425,Peace of Home,378,Not Sure
7394094149114,170,425,Sovtex,399,Not Sure
7394094236029,373,929,Sovtex,639,Not Sure
7394094236029,373,929,Badshop,639,Not Sure
7394094236029,373,929,Byggshop,639,Not Sure
7394094236029,373,929,Bygghemma,639,Not Sure
7394094236029,373,929,Golvshop,639,Not Sure
7394094236029,373,929,Trendhuset,790,Not Sure
7394094236029,373,929,La Vanille,799,Not Sure
7394094236029,373,929,Peace of Home,809,Not Sure
7394094172396,220,549,Sovtex,378,Not Sure
7394094172396,220,549,Badshop,379,Not Sure
7394094172396,220,549,Byggshop,379,Not Sure
7394094172396,220,549,Bygghemma,379,Not Sure
7394094172396,220,549,Golvshop,379,Not Sure
7394094172396,220,549,Trendhuset,467,Not Sure
7394094172396,220,549,Peace of Home,476,Not Sure
7394094172396,220,549,La Vanille,479,Not Sure
7394094172396,220,549,Nordisk textil,549,Not Sure
7394094248930,55,135,Trendhuset,115,Not Sure
7394094248930,55,135,Trendhuset,115,Not Sure
7394094248930,55,135,Peace of Home,120,Not Sure
7394094248930,55,135,La Vanille,135,Not Sure
7394094253736,55,135,Trendhuset,115,Not Sure
7394094253736,55,135,Peace of Home,120,Not Sure
7394094253736,55,135,La Vanille,135,Not Sure
7394094275981,55,135,Nordic Nest,119,Not Sure
7394094275981,55,135,Sovtex,119,Not Sure
7394094275981,55,135,Peace of Home,120,Not Sure
7394094275981,55,135,La Vanille,135,Not Sure
7394094248985,55,135,Trendhuset,115,Not Sure
7394094248985,55,135,Peace of Home,120,Not Sure
7394094248985,55,135,La Vanille,135,Not Sure
7394094248879,141,349,Trendhuset,297,Not Sure
7394094248879,141,349,Peace of Home,307,Not Sure
7394094248879,141,349,La Vanille,349,Not Sure
7394094248879,141,349,Rosa Huset,349,Not Sure
7394094248886,141,349,Trendhuset,297,Not Sure
7394094248886,141,349,Peace of Home,307,Not Sure
7394094248886,141,349,La Vanille,349,Not Sure
7394094248886,141,349,Rosa Huset,349,Not Sure
7394094248909,141,349,Trendhuset,297,Not Sure
7394094248909,141,349,Peace of Home,307,Not Sure
7394094248909,141,349,Rosa Huset,349,Not Sure
7394094248923,141,349,Trendhuset,297,Not Sure
7394094248923,141,349,Peace of Home,307,Not Sure
7394094248923,141,349,La Vanille,349,Not Sure
7394094231758,59,145,Nordic Nest,123,Not Sure
7394094231758,59,145,Trendhuset,123,Not Sure
7394094231758,59,145,Peace of Home,129,Not Sure
7394094231758,59,145,La Vanille,139,Not Sure
