EAN,Brand Color,PurchasePriceExclVAT,RecommendedPriceInclVAT
7314274510015,"Ofärgad, Röd, Svart","221,00","553,00"
7314274510022,"Ofärgad, Röd, Svart","221,00","553,00"
7314274510039,"Ofärgad, Röd, Svart","221,00","553,00"
7314274510046,"Ofärgad, Röd, Svart","221,00","553,00"
7314274510053,"Ofärgad, Röd, Svart","221,00","553,00"
7314274510060,"Ofärgad, Röd, Svart","221,00","553,00"
7314274510077,"Ofärgad, Röd, Svart","221,00","553,00"
7314274510084,"Ofärgad, Röd, Svart","221,00","553,00"
7314274510091,"Ofärgad, Röd, Svart","221,00","553,00"
7314274510107,"Ofärgad, Röd, Svart","221,00","553,00"
7314274510114,"Ofärgad, Röd, Svart","221,00","553,00"
7314274510121,"Ofärgad, Röd, Svart","221,00","553,00"
7314274510138,"Ofärgad, Röd, Svart","221,00","553,00"
7314274510145,"Ofärgad, Röd, Svart","221,00","553,00"
7314274510152,"Ofärgad, Röd, Svart","221,00","553,00"
7314274510169,"Ofärgad, Röd, Svart","221,00","553,00"
7314274510176,"Ofärgad, Röd, Svart","221,00","553,00"
7314274510183,"Ofärgad, Röd, Svart","221,00","553,00"
7314274510190,"Ofärgad, Röd, Svart","221,00","553,00"
7314274510206,"Ofärgad, Röd, Svart","221,00","553,00"
7314274510213,"Ofärgad, Röd, Svart","221,00","553,00"
7314274510220,"Ofärgad, Röd, Svart","221,00","553,00"
7314274510237,"Ofärgad, Röd, Svart","221,00","553,00"
7314274510244,"Ofärgad, Röd, Svart","221,00","553,00"
7314274510251,"Ofärgad, Röd, Svart","221,00","553,00"
7314274510268,"Ofärgad, Röd, Svart","221,00","553,00"
7314274510275,"Ofärgad, Röd, Svart","221,00","553,00"
7314274510282,"Ofärgad, Röd, Svart","221,00","553,00"
7314274510299,"Ofärgad, Röd, Svart","221,00","553,00"
7314274114350,"Ofärgad, Blå","217,00","543,00"
7314274350031,"Ofärgad, Blå","247,00","618,00"
7314274113100,"Ofärgad, Blå","362,00","905,00"
7314274113117,"Ofärgad, Blå","235,00","588,00"
7314274113131,"Ofärgad, Blå","127,00","317,00"
7314274117528,"Ofärgad, Blå","684,00","1710,00"
7314274116217,"Ofärgad, Blå","304,00","760,00"
7314274111120,"Ofärgad, Blå","265,00","663,00"
7314274111229,"Ofärgad, Blå","287,00","718,00"
7314274111427,"Ofärgad, Blå","322,00","805,00"
7314274111618,"Ofärgad, Blå","353,00","883,00"
7314274114107,"Ofärgad, Blå","423,00","1058,00"
7314274114114,"Ofärgad, Blå","275,00","687,00"
7314274114138,"Ofärgad, Blå","148,00","370,00"
7314274117412,"Ofärgad, Blå","365,00","913,00"
7314274213107,"Ofärgad, Blå, Svart","362,00","905,00"
7314274213114,"Ofärgad, Blå, Svart","235,00","588,00"
7314274213138,"Ofärgad, Blå, Svart","127,00","317,00"
7314274217525,"Ofärgad, Blå, Svart","684,00","1710,00"
7314274212407,"Ofärgad, Blå, Svart","362,00","905,00"
7314274211127,"Ofärgad, Blå, Svart","265,00","663,00"
7314274211226,"Ofärgad, Blå, Svart","287,00","718,00"
7314274211615,"Ofärgad, Blå, Svart","353,00","883,00"
7314274214104,"Ofärgad, Blå, Svart","423,00","1058,00"
7314274214111,"Ofärgad, Blå, Svart","275,00","687,00"
7314274214135,"Ofärgad, Blå, Svart","148,00","370,00"
7314274224356,"Ofärgad, Röd, Svart","217,00","543,00"
7314274350062,"Ofärgad, Röd, Svart","247,00","618,00"
7314274223106,"Ofärgad, Röd, Svart","362,00","905,00"
7314274223113,"Ofärgad, Röd, Svart","235,00","588,00"
7314274223137,"Ofärgad, Röd, Svart","127,00","317,00"
7314274227524,"Ofärgad, Röd, Svart","684,00","1710,00"
7314274222406,"Ofärgad, Röd, Svart","362,00","905,00"
7314274221126,"Ofärgad, Röd, Svart","265,00","663,00"
7314274221225,"Ofärgad, Röd, Svart","287,00","718,00"
7314274221614,"Ofärgad, Röd, Svart","353,00","883,00"
7314274224103,"Ofärgad, Röd, Svart","423,00","1058,00"
7314274224110,"Ofärgad, Röd, Svart","275,00","687,00"
7314274224134,"Ofärgad, Röd, Svart","148,00","370,00"
7314271047224,Grå,"309,00","773,00"
7314271047231,Grå,"388,00","970,00"
7314271044353,Grå,"116,00","290,00"
7314274350024,Grå,"146,00","365,00"
7314271046203,Grå,"146,00","365,00"
7314271046401,Grå,"146,00","365,00"
7314271046500,Grå,"123,00","308,00"
7314271043806,Grå,"243,00","608,00"
7314271043813,Grå,"158,00","395,00"
7314271043837,Grå,"85,00","213,00"
7314275044618,Grå,"512,00","1280,00"
7314275044519,Grå,"573,00","1433,00"
7314275044311,Grå,"428,00","1070,00"
7314275044212,Grå,"401,00","1003,00"
7314275044113,Grå,"379,00","948,00"
7314271047217,Grå,"243,00","608,00"
7314271043103,Grå,"221,00","553,00"
7314271043110,Grå,"144,00","359,00"
7314271043134,Grå,"77,00","193,00"
7314271043301,Grå,"221,00","553,00"
7314271043318,Grå,"144,00","359,00"
7314271043332,Grå,"77,00","193,00"
7314271043400,Grå,"221,00","553,00"
7314271043417,Grå,"144,00","359,00"
7314271043431,Grå,"77,00","193,00"
7314271047514,Grå,"459,00","1148,00"
7314271047521,Grå,"459,00","1148,00"
7314271047538,Grå,"728,00","1820,00"
7314271047545,Grå,"728,00","1820,00"
7314271046210,Grå,"185,00","463,00"
7314271046616,Grå,"185,00","463,00"
7314271046418,Grå,"185,00","463,00"
7314271046517,Grå,"163,00","408,00"
7314275041716,Grå,"379,00","948,00"
7314275041723,Grå,"428,00","1070,00"
7314275042102,Grå,"176,00","440,00"
7314275042119,Grå,"221,00","553,00"
7314275042126,Grå,"273,00","683,00"
7314275042133,Grå,"322,00","805,00"
7314275042140,Grå,"428,00","1070,00"
7314275041211,Grå,"397,00","993,00"
7314271042106,Grå,"137,00","343,00"
7314271042205,Grå,"163,00","408,00"
7314271042403,Grå,"221,00","553,00"
7314271042410,Grå,"243,00","608,00"
7314271042427,Grå,"265,00","663,00"
7314275047718,Grå,"146,00","365,00"
'7314275047725,Grå,"146,00","365,00"
7314275047732,Grå,"194,00","485,00"
7314275047749,Grå,"260,00","650,00"
7314275041730,Grå,"428,00","1070,00"
7314271041116,Grå,"163,00","408,00"
7314271041123,Grå,"163,00","408,00"
7314271041215,Grå,"185,00","463,00"
7314271041222,Grå,"185,00","463,00"
7314271041352,Grå,"212,00","530,00"
7314271041413,Grå,"212,00","530,00"
7314271041420,Grå,"212,00","530,00"
7314271041611,Grå,"229,00","573,00"
7314271041628,Grå,"229,00","573,00"
7314275041112,Grå,"265,00","663,00"
7314271044100,Grå,"256,00","640,00"
7314271044117,Grå,"166,00","416,00"
7314271044131,Grå,"90,00","224,00"
7314271044308,Grå,"256,00","640,00"
7314271044315,Grå,"166,00","416,00"
7314271044339,Grå,"90,00","224,00"
7314271044605,Grå,"256,00","640,00"
7314271044612,Grå,"166,00","416,00"
7314271044636,Grå,"90,00","224,00"
7314271047415,Grå,"88,00","220,00"
7314271007228,Ofärgad,"309,00","773,00"
7314271007235,Ofärgad,"388,00","970,00"
7314271004357,Ofärgad,"116,00","290,00"
7314274350017,Ofärgad,"146,00","365,00"
7314271006207,Ofärgad,"146,00","365,00"
7314271006405,Ofärgad,"146,00","365,00"
7314271006504,Ofärgad,"123,00","308,00"
7314271003800,Ofärgad,"243,00","608,00"
7314271003817,Ofärgad,"158,00","395,00"
7314271003831,Ofärgad,"85,00","213,00"
7314275004612,Ofärgad,"512,00","1280,00"
7314275004513,Ofärgad,"573,00","1433,00"
7314275004315,Ofärgad,"428,00","1070,00"
7314275004216,Ofärgad,"401,00","1003,00"
7314275004117,Ofärgad,"379,00","948,00"
7314271007211,Ofärgad,"243,00","608,00"
7314271003107,Ofärgad,"221,00","553,00"
7314271003114,Ofärgad,"144,00","359,00"
7314271003138,Ofärgad,"77,00","193,00"
7314271003305,Ofärgad,"221,00","553,00"
7314271003312,Ofärgad,"144,00","359,00"
7314271003336,Ofärgad,"77,00","193,00"
7314271003404,Ofärgad,"221,00","553,00"
7314271003411,Ofärgad,"144,00","359,00"
7314271003435,Ofärgad,"77,00","193,00"
7314271007518,Ofärgad,"459,00","1148,00"
7314271007525,Ofärgad,"459,00","1148,00"
7314271007532,Ofärgad,"728,00","1820,00"
7314271007549,Ofärgad,"728,00","1820,00"
7314271006214,Ofärgad,"185,00","463,00"
7314271006610,Ofärgad,"185,00","463,00"
7314271006412,Ofärgad,"185,00","463,00"
7314271006511,Ofärgad,"163,00","408,00"
7314275001710,Ofärgad,"379,00","948,00"
7314275001727,Ofärgad,"428,00","1070,00"
7314275002106,Ofärgad,"176,00","440,00"
7314275002113,Ofärgad,"221,00","553,00"
7314275002120,Ofärgad,"273,00","683,00"
7314275002137,Ofärgad,"322,00","805,00"
7314275002144,Ofärgad,"428,00","1070,00"
7314275001215,Ofärgad,"397,00","993,00"
7314271002100,Ofärgad,"137,00","343,00"
7314271002209,Ofärgad,"163,00","408,00"
7314271002407,Ofärgad,"221,00","553,00"
7314271002414,Ofärgad,"243,00","608,00"
7314271002421,Ofärgad,"265,00","663,00"
7314275007217,Ofärgad,"582,00","1455,00"
7314275007118,Vit,"234,00","585,00"
7314275007712,Ofärgad,"146,00","365,00"
7314275007729,Ofärgad,"146,00","365,00"
7314275007736,Ofärgad,"194,00","485,00"
7314275007743,Ofärgad,"260,00","650,00"
7314275001734,Ofärgad,"428,00","1070,00"
7314271001110,Ofärgad,"163,00","408,00"
7314271001127,Ofärgad,"163,00","408,00"
7314271001219,Ofärgad,"185,00","463,00"
7314271001226,Ofärgad,"185,00","463,00"
7314271001356,Ofärgad,"212,00","530,00"
7314271001417,Ofärgad,"212,00","530,00"
7314271001424,Ofärgad,"212,00","530,00"
7314271001615,Ofärgad,"229,00","573,00"
7314271001622,Ofärgad,"229,00","573,00"
7314275001116,Ofärgad,"265,00","663,00"
7314271004104,Ofärgad,"256,00","640,00"
7314271004111,Ofärgad,"166,00","416,00"
7314271004135,Ofärgad,"90,00","224,00"
7314271004302,Ofärgad,"256,00","640,00"
7314271004319,Ofärgad,"166,00","416,00"
7314271004333,Ofärgad,"90,00","224,00"
7314271004609,Ofärgad,"256,00","640,00"
7314271004616,Ofärgad,"166,00","416,00"
7314271004630,Ofärgad,"90,00","224,00"
7314271007419,Ofärgad,"88,00","220,00"
7314274234355,"Ofärgad, Grön, Svart","217,00","543,00"
7314274350079,"Ofärgad, Grön, Svart","247,00","618,00"
7314274237127,"Ofärgad, Grön, Svart","392,00","980,00"
7314274233402,"Ofärgad, Grön, Svart","362,00","905,00"
7314274233419,"Ofärgad, Grön, Svart","235,00","588,00"
7314274233433,"Ofärgad, Grön, Svart","127,00","317,00"
7314274236212,"Ofärgad, Grön, Svart","304,00","760,00"
7314274232405,"Ofärgad, Grön, Svart","362,00","905,00"
7314278232111,"Ofärgad, Grön, Svart","353,00","883,00"
7314278232142,"Ofärgad, Grön, Svart","662,00","1,66"
7314274231125,"Ofärgad, Grön, Svart","265,00","663,00"
7314274231224,"Ofärgad, Grön, Svart","287,00","718,00"
7314274231422,"Ofärgad, Grön, Svart","322,00","805,00"
7314274234300,"Ofärgad, Grön, Svart","423,00","1,06"
7314274234317,"Ofärgad, Grön, Svart","275,00","687,00"
7314274234331,"Ofärgad, Grön, Svart","148,00","370,00"
7314274237417,"Ofärgad, Grön, Svart","146,00","365,00"
7314272201281,Ofärgad,"260,00","650,00"
7314272201472,Ofärgad,"260,00","650,00"
7314272201670,Ofärgad,"287,00","718,00"
7314274414351,"Ofärgad, Blå","217,00","543,00"
7314274350093,"Ofärgad, Blå","247,00","618,00"
7314274413309,"Ofärgad, Blå","370,00","925,00"
7314274413316,"Ofärgad, Blå","241,00","601,00"
7314274413330,"Ofärgad, Blå","130,00","324,00"
7314274412401,"Ofärgad, Blå","370,00","925,00"
7314274411114,"Ofärgad, Blå","273,00","683,00"
7314274411213,"Ofärgad, Blå","309,00","773,00"
7314274411350,"Ofärgad, Blå","353,00","883,00"
7314274411619,"Ofärgad, Blå","388,00","970,00"
7314274414306,"Ofärgad, Blå","437,00","1,09"
7314274414313,"Ofärgad, Blå","284,00","710,00"
7314274414337,"Ofärgad, Blå","153,00","382,00"
7314274417413,"Ofärgad, Blå","150,00","375,00"
7314274123109,"Ofärgad, Röd","362,00","905,00"
7314274123116,"Ofärgad, Röd","235,00","588,00"
7314274123130,"Ofärgad, Röd","127,00","317,00"
7314274127527,"Ofärgad, Röd","684,00","1,71"
7314274121129,"Ofärgad, Röd","265,00","663,00"
7314274121228,"Ofärgad, Röd","287,00","718,00"
7314274121617,"Ofärgad, Röd","353,00","883,00"
7314274124106,"Ofärgad, Röd","423,00","1,06"
7314274124113,"Ofärgad, Röd","275,00","687,00"
7314274124137,"Ofärgad, Röd","148,00","370,00"
7314274427221,"Ofärgad, Svart","384,00","960,00"
7314274427238,"Ofärgad, Svart","485,00","1,21"
7314274424350,"Ofärgad, Svart","155,00","388,00"
7314274350109,"Ofärgad, Svart","185,00","463,00"
7314274426200,"Ofärgad, Svart","181,00","453,00"
7314274426408,"Ofärgad, Svart","181,00","453,00"
7314274426507,"Ofärgad, Svart","154,00","385,00"
7314274423803,"Ofärgad, Svart","304,00","760,00"
7314274423810,"Ofärgad, Svart","198,00","494,00"
7314274423834,"Ofärgad, Svart","106,00","266,00"
7314274427214,"Ofärgad, Svart","304,00","760,00"
7314274423100,"Ofärgad, Svart","273,00","683,00"
7314274423117,"Ofärgad, Svart","177,00","444,00"
7314274423131,"Ofärgad, Svart","96,00","239,00"
7314274423308,"Ofärgad, Svart","273,00","683,00"
7314274423315,"Ofärgad, Svart","177,00","444,00"
7314274423339,"Ofärgad, Svart","96,00","239,00"
7314274427511,"Ofärgad, Svart","538,00","1,35"
7314274427528,"Ofärgad, Svart","538,00","1,35"
7314274427535,"Ofärgad, Svart","856,00","2,14"
7314274427542,"Ofärgad, Svart","856,00","2,14"
7314274426217,"Ofärgad, Svart","229,00","573,00"
7314274426415,"Ofärgad, Svart","229,00","573,00"
7314274426514,"Ofärgad, Svart","198,00","495,00"
7314278421713,"Ofärgad, Svart","476,00","1190,00"
7314278421720,"Ofärgad, Svart","529,00","1323,00"
7314278422109,"Ofärgad, Svart","221,00","553,00"
7314278422116,"Ofärgad, Svart","278,00","695,00"
7314278422123,"Ofärgad, Svart","340,00","850,00"
7314278422130,"Ofärgad, Svart","397,00","993,00"
7314278422147,"Ofärgad, Svart","529,00","1,32"
7314278421218,"Ofärgad, Svart","498,00","1,25"
7314274422103,"Ofärgad, Svart","172,00","430,00"
7314274422202,"Ofärgad, Svart","198,00","495,00"
7314274422400,"Ofärgad, Svart","273,00","683,00"
7314274422417,"Ofärgad, Svart","304,00","760,00"
7314274422424,"Ofärgad, Svart","335,00","838,00"
7314278427111,"Ofärgad, Svart","291,00","728,00"
7314278427715,"Ofärgad, Svart","185,00","463,00"
7314278427722,"Ofärgad, Svart","185,00","463,00"
7314278427739,"Ofärgad, Svart","243,00","608,00"
7314278427746,"Ofärgad, Svart","322,00","805,00"
7314274421113,"Ofärgad, Svart","198,00","495,00"
7314274421120,"Ofärgad, Svart","198,00","495,00"
7314274421212,"Ofärgad, Svart","229,00","573,00"
7314274421229,"Ofärgad, Svart","229,00","573,00"
7314274421359,"Ofärgad, Svart","260,00","650,00"
7314274421410,"Ofärgad, Svart","260,00","650,00"
7314274421427,"Ofärgad, Svart","260,00","650,00"
7314274421618,"Ofärgad, Svart","287,00","718,00"
7314274421625,"Ofärgad, Svart","287,00","718,00"
7314278421119,"Ofärgad, Svart","331,00","828,00"
7314274424107,"Ofärgad, Svart","322,00","805,00"
7314274424114,"Ofärgad, Svart","209,00","523,00"
7314274424138,"Ofärgad, Svart","113,00","282,00"
7314274424305,"Ofärgad, Svart","322,00","805,00"
7314274424312,"Ofärgad, Svart","209,00","523,00"
7314274424336,"Ofärgad, Svart","113,00","282,00"
7314274424602,"Ofärgad, Svart","322,00","805,00"
7314274424619,"Ofärgad, Svart","209,00","523,00"
7314274424633,"Ofärgad, Svart","113,00","282,00"
7314274427412,"Ofärgad, Svart","110,00","275,00"
7314272606703,Ofärgad,"194,00","485,00"
7314274404352,"Ofärgad, Svart","155,00","388,00"
7314274350086,"Ofärgad, Svart","185,00","463,00"
7314274406202,"Ofärgad, Svart","181,00","453,00"
7314274406400,"Ofärgad, Svart","181,00","453,00"
7314274406509,"Ofärgad, Svart","154,00","385,00"
7314278407113,"Ofärgad, Svart","291,00","728,00"
7314274401122,"Ofärgad, Svart","198,00","495,00"
7314274401221,"Ofärgad, Svart","229,00","573,00"
7314274407414,"Ofärgad, Svart","110,00","275,00"
7314274434359,"Ofärgad, Röd","155,00","388,00"
7314274350116,"Ofärgad, Röd","185,00","463,00"
7314274432409,"Ofärgad, Röd","273,00","683,00"
7314274431112,"Ofärgad, Röd","198,00","495,00"
7314274431211,"Ofärgad, Röd","229,00","573,00"
7314274431358,"Ofärgad, Röd","260,00","650,00"
7314274431419,"Ofärgad, Röd","260,00","650,00"
7314276306111,Ofärgad,"291,00","728,00"
7314276306128,Ofärgad,"366,00","915,00"
7314276306135,Ofärgad,"428,00","1,07"
7314272301677,Ofärgad,"287,00","718,00"
7314272302483,Ofärgad,"273,00","683,00"
7314273117222,"Blå, Svart","384,00","960,00"
7314273117239,"Blå, Svart","485,00","1,21"
7314273116201,"Blå, Svart","181,00","453,00"
7314273116409,"Blå, Svart","181,00","453,00"
7314273116508,"Blå, Svart","154,00","385,00"
7314273113804,"Blå, Svart","304,00","760,00"
7314273113811,"Blå, Svart","198,00","494,00"
7314273113835,"Blå, Svart","106,00","266,00"
7314273117215,"Blå, Svart","304,00","760,00"
7314273113101,"Blå, Svart","273,00","683,00"
7314273113118,"Blå, Svart","177,00","444,00"
7314273113132,"Blå, Svart","96,00","239,00"
7314273113309,"Blå, Svart","273,00","683,00"
7314273113316,"Blå, Svart","177,00","444,00"
7314273113330,"Blå, Svart","96,00","239,00"
7314273117512,"Blå, Svart","538,00","1,35"
7314273117529,"Blå, Svart","538,00","1,35"
7314273117536,"Blå, Svart","856,00","2,14"
7314273117543,"Blå, Svart","856,00","2,14"
7314273116218,"Blå, Svart","229,00","573,00"
7314273116416,"Blå, Svart","229,00","573,00"
7314273116515,"Blå, Svart","198,00","495,00"
7314277111714,"Blå, Svart","476,00","1190,00"
7314277111721,"Blå, Svart","529,00","1323,00"
7314277112100,"Blå, Svart","221,00","553,00"
7314277112117,"Blå, Svart","278,00","695,00"
7314277112124,"Blå, Svart","340,00","850,00"
7314277112131,"Blå, Svart","397,00","993,00"
7314277112148,"Blå, Svart","529,00","1,32"
7314277111219,"Blå, Svart","498,00","1,25"
7314273112104,"Blå, Svart","172,00","430,00"
7314273112203,"Blå, Svart","198,00","495,00"
7314273112401,"Blå, Svart","273,00","683,00"
7314273112418,"Blå, Svart","304,00","760,00"
7314273112425,"Blå, Svart","335,00","838,00"
7314277117716,"Blå, Svart","185,00","463,00"
7314277117723,"Blå, Svart","185,00","463,00"
7314277117730,"Blå, Svart","243,00","608,00"
7314277117747,"Blå, Svart","322,00","805,00"
7314277111738,"Blå, Svart","529,00","1,32"
7314273111114,"Blå, Svart","198,00","495,00"
7314273111121,"Blå, Svart","198,00","495,00"
7314273111213,"Blå, Svart","229,00","573,00"
7314273111220,"Blå, Svart","229,00","573,00"
7314273111350,"Blå, Svart","260,00","650,00"
7314273111411,"Blå, Svart","260,00","650,00"
7314273111428,"Blå, Svart","260,00","650,00"
7314273111619,"Blå, Svart","287,00","718,00"
7314273111626,"Blå, Svart","287,00","718,00"
7314277111110,"Blå, Svart","331,00","828,00"
7314273114108,"Blå, Svart","322,00","805,00"
7314273114115,"Blå, Svart","209,00","523,00"
7314273114139,"Blå, Svart","113,00","282,00"
7314273114306,"Blå, Svart","322,00","805,00"
7314273114313,"Blå, Svart","209,00","523,00"
7314273114337,"Blå, Svart","113,00","282,00"
7314273114603,"Blå, Svart","322,00","805,00"
7314273114610,"Blå, Svart","209,00","523,00"
7314273114634,"Blå, Svart","113,00","282,00"
7314273117413,"Blå, Svart","110,00","275,00"
7314273127221,"Grön, Svart","384,00","960,00"
7314273127238,"Grön, Svart","485,00","1,21"
7314273126200,"Grön, Svart","181,00","453,00"
7314273126408,"Grön, Svart","181,00","453,00"
7314273126507,"Grön, Svart","154,00","385,00"
7314273123803,"Grön, Svart","304,00","760,00"
7314273123810,"Grön, Svart","198,00","494,00"
7314273123834,"Grön, Svart","106,00","266,00"
7314277124615,"Grön, Svart","639,00","1,60"
7314277124516,"Grön, Svart","714,00","1,79"
7314277124318,"Grön, Svart","529,00","1,32"
7314277124219,"Grön, Svart","485,00","1,21"
7314277124110,"Grön, Svart","441,00","1,10"
7314273127214,"Grön, Svart","304,00","760,00"
7314273123100,"Grön, Svart","273,00","683,00"
7314273123117,"Grön, Svart","177,00","444,00"
7314273123131,"Grön, Svart","96,00","239,00"
7314273123308,"Grön, Svart","273,00","683,00"
7314273123315,"Grön, Svart","177,00","444,00"
7314273123339,"Grön, Svart","96,00","239,00"
7314273127511,"Grön, Svart","538,00","1,35"
7314273127528,"Grön, Svart","538,00","1,35"
7314273127535,"Grön, Svart","856,00","2,14"
7314273127542,"Grön, Svart","856,00","2,14"
7314273126217,"Grön, Svart","229,00","573,00"
7314273126415,"Grön, Svart","229,00","573,00"
7314273126514,"Grön, Svart","198,00","495,00"
7314277121713,"Grön, Svart","476,00","1190,00"
7314277121720,"Grön, Svart","529,00","1323,00"
7314277122109,"Grön, Svart","221,00","553,00"
7314277122116,"Grön, Svart","278,00","695,00"
7314277122123,"Grön, Svart","340,00","850,00"
7314277122130,"Grön, Svart","397,00","993,00"
7314277122147,"Grön, Svart","529,00","1,32"
7314277121218,"Grön, Svart","498,00","1,25"
7314273122103,"Grön, Svart","172,00","430,00"
7314273122202,"Grön, Svart","198,00","495,00"
7314273122400,"Grön, Svart","273,00","683,00"
7314273122417,"Grön, Svart","304,00","760,00"
7314273122424,"Grön, Svart","335,00","838,00"
7314277127715,"Grön, Svart","185,00","463,00"
7314277127722,"Grön, Svart","185,00","463,00"
7314277127739,"Grön, Svart","243,00","608,00"
7314277127746,"Grön, Svart","322,00","805,00"
7314277121737,"Grön, Svart","529,00","1,32"
7314273121113,"Grön, Svart","198,00","495,00"
7314273121120,"Grön, Svart","198,00","495,00"
7314273121212,"Grön, Svart","229,00","573,00"
7314273121229,"Grön, Svart","229,00","573,00"
7314273121359,"Grön, Svart","260,00","650,00"
7314273121410,"Grön, Svart","260,00","650,00"
7314273121427,"Grön, Svart","260,00","650,00"
7314273121618,"Grön, Svart","287,00","718,00"
7314273121625,"Grön, Svart","287,00","718,00"
7314277121119,"Grön, Svart","331,00","828,00"
7314273124602,"Grön, Svart","322,00","805,00"
7314273124619,"Grön, Svart","209,00","523,00"
7314273124633,"Grön, Svart","113,00","282,00"
7314273124107,"Grön, Svart","322,00","805,00"
7314273124114,"Grön, Svart","209,00","523,00"
7314273124138,"Grön, Svart","113,00","282,00"
7314273124305,"Grön, Svart","322,00","805,00"
7314273124312,"Grön, Svart","209,00","523,00"
7314273124336,"Grön, Svart","113,00","282,00"
7314273127412,"Grön, Svart","110,00","275,00"
7314273137220,"Blå, Svart","384,00","960,00"
7314273137237,"Blå, Svart","485,00","1,21"
7314273136209,"Blå, Svart","181,00","453,00"
7314273136407,"Blå, Svart","181,00","453,00"
7314273136506,"Blå, Svart","154,00","385,00"
7314273133802,"Blå, Svart","304,00","760,00"
7314273133819,"Blå, Svart","198,00","494,00"
7314273133833,"Blå, Svart","106,00","266,00"
7314273137213,"Blå, Svart","304,00","760,00"
7314273133109,"Blå, Svart","273,00","683,00"
7314273133116,"Blå, Svart","177,00","444,00"
7314273133130,"Blå, Svart","96,00","239,00"
7314273133307,"Blå, Svart","273,00","683,00"
7314273133314,"Blå, Svart","177,00","444,00"
7314273133338,"Blå, Svart","96,00","239,00"
7314273137510,"Blå, Svart","538,00","1,35"
7314273137527,"Blå, Svart","538,00","1,35"
7314273137534,"Blå, Svart","856,00","2,14"
7314273137541,"Blå, Svart","856,00","2,14"
7314273136216,"Blå, Svart","229,00","573,00"
7314273136414,"Blå, Svart","229,00","573,00"
7314273136513,"Blå, Svart","198,00","495,00"
7314277131712,"Blå, Svart","476,00","1190,00"
7314277131729,"Blå, Svart","529,00","1323,00"
7314277132108,"Blå, Svart","221,00","553,00"
7314277132115,"Blå, Svart","278,00","695,00"
7314277132122,"Blå, Svart","340,00","850,00"
7314277132139,"Blå, Svart","397,00","993,00"
7314277132146,"Blå, Svart","529,00","1,32"
7314277131217,"Blå, Svart","498,00","1,25"
7314273132102,"Blå, Svart","172,00","430,00"
7314273132201,"Blå, Svart","198,00","495,00"
7314273132409,"Blå, Svart","273,00","683,00"
7314273132416,"Blå, Svart","304,00","760,00"
7314273132423,"Blå, Svart","335,00","838,00"
7314277137714,"Blå, Svart","185,00","463,00"
7314277137721,"Blå, Svart","185,00","463,00"
7314277137738,"Blå, Svart","243,00","608,00"
7314277137745,"Blå, Svart","322,00","805,00"
7314277131736,"Blå, Svart","529,00","1,32"
7314273131112,"Blå, Svart","198,00","495,00"
7314273131129,"Blå, Svart","198,00","495,00"
7314273131211,"Blå, Svart","229,00","573,00"
7314273131228,"Blå, Svart","229,00","573,00"
7314273131358,"Blå, Svart","260,00","650,00"
7314273131419,"Blå, Svart","260,00","650,00"
7314273131426,"Blå, Svart","260,00","650,00"
7314273131617,"Blå, Svart","287,00","718,00"
7314273131624,"Blå, Svart","287,00","718,00"
7314277131118,"Blå, Svart","331,00","828,00"
7314273134106,"Blå, Svart","322,00","805,00"
7314273134113,"Blå, Svart","209,00","523,00"
7314273134137,"Blå, Svart","113,00","282,00"
7314273134304,"Blå, Svart","322,00","805,00"
7314273134311,"Blå, Svart","209,00","523,00"
7314273134335,"Blå, Svart","113,00","282,00"
7314273134601,"Blå, Svart","322,00","805,00"
7314273134618,"Blå, Svart","209,00","523,00"
7314273134632,"Blå, Svart","113,00","282,00"
7314273137411,"Blå, Svart","110,00","275,00"
7314273147229,"Orange, Svart","384,00","960,00"
7314273147236,"Orange, Svart","485,00","1,21"
7314273146208,"Orange, Svart","181,00","453,00"
7314273146406,"Orange, Svart","181,00","453,00"
7314273146505,"Orange, Svart","154,00","385,00"
7314273143801,"Orange, Svart","304,00","760,00"
7314273143818,"Orange, Svart","198,00","494,00"
7314273143832,"Orange, Svart","106,00","266,00"
7314277144613,"Orange, Svart","639,00","1,60"
7314277144514,"Orange, Svart","714,00","1,79"
7314277144316,"Orange, Svart","529,00","1,32"
7314277144217,"Orange, Svart","485,00","1,21"
7314277144118,"Orange, Svart","441,00","1,10"
7314273147212,"Orange, Svart","304,00","760,00"
7314273143108,"Orange, Svart","273,00","683,00"
7314273143115,"Orange, Svart","177,00","444,00"
7314273143139,"Orange, Svart","96,00","239,00"
7314273143306,"Orange, Svart","273,00","683,00"
7314273143313,"Orange, Svart","177,00","444,00"
7314273143337,"Orange, Svart","96,00","239,00"
7314273147519,"Orange, Svart","538,00","1,35"
7314273147526,"Orange, Svart","538,00","1,35"
7314273147533,"Orange, Svart","856,00","2,14"
7314273147540,"Orange, Svart","856,00","2,14"
7314273146215,"Orange, Svart","229,00","573,00"
7314273146413,"Orange, Svart","229,00","573,00"
7314273146512,"Orange, Svart","198,00","495,00"
7314277141711,"Orange, Svart","476,00","1190,00"
7314277141728,"Orange, Svart","529,00","1323,00"
7314277142107,"Orange, Svart","221,00","553,00"
7314277142114,"Orange, Svart","278,00","695,00"
7314277142121,"Orange, Svart","340,00","850,00"
7314277142138,"Orange, Svart","397,00","993,00"
7314277142145,"Orange, Svart","529,00","1,32"
7314277141216,"Orange, Svart","498,00","1,25"
7314273142101,"Orange, Svart","172,00","430,00"
7314273142200,"Orange, Svart","198,00","495,00"
7314273142408,"Orange, Svart","273,00","683,00"
7314273142415,"Orange, Svart","304,00","760,00"
7314273142422,"Orange, Svart","335,00","838,00"
7314277147713,"Orange, Svart","185,00","463,00"
7314277147720,"Orange, Svart","185,00","463,00"
7314277147737,"Orange, Svart","243,00","608,00"
7314277147744,"Orange, Svart","322,00","805,00"
7314277141735,"Orange, Svart","529,00","1,32"
7314273141111,"Orange, Svart","198,00","495,00"
7314273141128,"Orange, Svart","198,00","495,00"
7314273141210,"Orange, Svart","229,00","573,00"
7314273141227,"Orange, Svart","229,00","573,00"
7314273141357,"Orange, Svart","260,00","650,00"
7314273141418,"Orange, Svart","260,00","650,00"
7314273141425,"Orange, Svart","260,00","650,00"
7314273141616,"Orange, Svart","287,00","718,00"
7314273141623,"Orange, Svart","287,00","718,00"
7314277141117,"Orange, Svart","331,00","828,00"
7314273144105,"Orange, Svart","322,00","805,00"
7314273144112,"Orange, Svart","209,00","523,00"
7314273144136,"Orange, Svart","113,00","282,00"
7314273144303,"Orange, Svart","322,00","805,00"
7314273144310,"Orange, Svart","209,00","523,00"
7314273144334,"Orange, Svart","113,00","282,00"
7314273144600,"Orange, Svart","322,00","805,00"
7314273144617,"Orange, Svart","209,00","523,00"
7314273144631,"Orange, Svart","113,00","282,00"
7314273147410,"Orange, Svart","110,00","275,00"
7314273157228,"Gul, Svart","384,00","960,00"
7314273157235,"Gul, Svart","485,00","1,21"
7314273156207,"Gul, Svart","181,00","453,00"
7314273156405,"Gul, Svart","181,00","453,00"
7314273156504,"Gul, Svart","154,00","385,00"
7314273153800,"Gul, Svart","304,00","760,00"
7314273153817,"Gul, Svart","198,00","494,00"
7314273153831,"Gul, Svart","106,00","266,00"
7314273157211,"Gul, Svart","304,00","760,00"
7314273153107,"Gul, Svart","273,00","683,00"
7314273153114,"Gul, Svart","177,00","444,00"
7314273153138,"Gul, Svart","96,00","239,00"
7314273153305,"Gul, Svart","273,00","683,00"
7314273153312,"Gul, Svart","177,00","444,00"
7314273153336,"Gul, Svart","96,00","239,00"
7314273157518,"Gul, Svart","538,00","1,35"
7314273157525,"Gul, Svart","538,00","1,35"
7314273157532,"Gul, Svart","856,00","2,14"
7314273157549,"Gul, Svart","856,00","2,14"
7314273156214,"Gul, Svart","229,00","573,00"
7314273156412,"Gul, Svart","229,00","573,00"
7314273156511,"Gul, Svart","198,00","495,00"
7314277151710,"Gul, Svart","476,00","1190,00"
7314277151727,"Gul, Svart","529,00","1323,00"
7314277152106,"Gul, Svart","221,00","553,00"
7314277152113,"Gul, Svart","278,00","695,00"
7314277152120,"Gul, Svart","340,00","850,00"
7314277152137,"Gul, Svart","397,00","993,00"
7314277152144,"Gul, Svart","529,00","1,32"
7314277151215,"Gul, Svart","498,00","1,25"
7314273152100,"Gul, Svart","172,00","430,00"
7314273152209,"Gul, Svart","198,00","495,00"
7314273152407,"Gul, Svart","273,00","683,00"
7314273152414,"Gul, Svart","304,00","760,00"
7314273152421,"Gul, Svart","335,00","838,00"
7314277157712,"Gul, Svart","185,00","463,00"
7314277157729,"Gul, Svart","185,00","463,00"
7314277157736,"Gul, Svart","243,00","608,00"
7314277157743,"Gul, Svart","322,00","805,00"
7314277151734,"Gul, Svart","529,00","1,32"
7314273151110,"Gul, Svart","198,00","495,00"
7314273151127,"Gul, Svart","198,00","495,00"
7314273151219,"Gul, Svart","229,00","573,00"
7314273151226,"Gul, Svart","229,00","573,00"
7314273151356,"Gul, Svart","260,00","650,00"
7314273151417,"Gul, Svart","260,00","650,00"
7314273151424,"Gul, Svart","260,00","650,00"
7314273151615,"Gul, Svart","287,00","718,00"
7314273151622,"Gul, Svart","287,00","718,00"
7314277151116,"Gul, Svart","331,00","828,00"
7314273154104,"Gul, Svart","322,00","805,00"
7314273154111,"Gul, Svart","209,00","523,00"
7314273154135,"Gul, Svart","113,00","282,00"
7314273154302,"Gul, Svart","322,00","805,00"
7314273154319,"Gul, Svart","209,00","523,00"
7314273154333,"Gul, Svart","113,00","282,00"
7314273154609,"Gul, Svart","322,00","805,00"
7314273154616,"Gul, Svart","209,00","523,00"
7314273154630,"Gul, Svart","113,00","282,00"
7314273157419,"Gul, Svart","110,00","275,00"
7314273107223,"Ofärgad, Svart","384,00","960,00"
7314273107230,"Ofärgad, Svart","485,00","1,21"
7314273106202,"Ofärgad, Svart","181,00","453,00"
7314273106400,"Ofärgad, Svart","181,00","453,00"
7314273106509,"Ofärgad, Svart","154,00","385,00"
7314273103805,"Ofärgad, Svart","304,00","760,00"
7314273103812,"Ofärgad, Svart","198,00","494,00"
7314273103836,"Ofärgad, Svart","106,00","266,00"
7314277104617,"Ofärgad, Svart","639,00","1,60"
7314277104518,"Ofärgad, Svart","714,00","1,79"
7314277104310,"Ofärgad, Svart","529,00","1,32"
7314277104211,"Ofärgad, Svart","485,00","1,21"
7314277104112,"Ofärgad, Svart","441,00","1,10"
7314273107216,"Ofärgad, Svart","304,00","760,00"
7314273103102,"Ofärgad, Svart","273,00","683,00"
7314273103119,"Ofärgad, Svart","177,00","444,00"
7314273103133,"Ofärgad, Svart","96,00","239,00"
7314273103300,"Ofärgad, Svart","273,00","683,00"
7314273103317,"Ofärgad, Svart","177,00","444,00"
7314273103331,"Ofärgad, Svart","96,00","239,00"
7314273107513,"Ofärgad, Svart","538,00","1,35"
7314273107520,"Ofärgad, Svart","538,00","1,35"
7314273107537,"Ofärgad, Svart","856,00","2,14"
7314273107544,"Ofärgad, Svart","856,00","2,14"
7314273106219,"Ofärgad, Svart","229,00","573,00"
7314273106417,"Ofärgad, Svart","229,00","573,00"
7314273106516,"Ofärgad, Svart","198,00","495,00"
7314277101715,"Ofärgad, Svart","476,00","1190,00"
7314277101722,"Ofärgad, Svart","529,00","1323,00"
7314277102101,"Ofärgad, Svart","221,00","553,00"
7314277102118,"Ofärgad, Svart","278,00","695,00"
7314277102125,"Ofärgad, Svart","340,00","850,00"
7314277102132,"Ofärgad, Svart","397,00","993,00"
7314277102149,"Ofärgad, Svart","529,00","1,32"
7314277101210,"Ofärgad, Svart","498,00","1,25"
7314273102105,"Ofärgad, Svart","172,00","430,00"
7314273102204,"Ofärgad, Svart","198,00","495,00"
7314273102402,"Ofärgad, Svart","273,00","683,00"
7314273102419,"Ofärgad, Svart","304,00","760,00"
7314273102426,"Ofärgad, Svart","335,00","838,00"
7314277107717,"Ofärgad, Svart","185,00","463,00"
7314277107724,"Ofärgad, Svart","185,00","463,00"
7314277107731,"Ofärgad, Svart","243,00","608,00"
7314277107748,"Ofärgad, Svart","322,00","805,00"
7314277101739,"Ofärgad, Svart","529,00","1,32"
7314273101115,"Ofärgad, Svart","198,00","495,00"
7314273101122,"Ofärgad, Svart","198,00","495,00"
7314273101214,"Ofärgad, Svart","229,00","573,00"
7314273101221,"Ofärgad, Svart","229,00","573,00"
7314273101351,"Ofärgad, Svart","260,00","650,00"
7314273101412,"Ofärgad, Svart","260,00","650,00"
7314273101429,"Ofärgad, Svart","260,00","650,00"
7314273101610,"Ofärgad, Svart","287,00","718,00"
7314273101627,"Ofärgad, Svart","287,00","718,00"
7314277101111,"Ofärgad, Svart","331,00","828,00"
7314273104109,"Ofärgad, Svart","322,00","805,00"
7314273104116,"Ofärgad, Svart","209,00","523,00"
7314273104130,"Ofärgad, Svart","113,00","282,00"
7314273104307,"Ofärgad, Svart","322,00","805,00"
7314273104314,"Ofärgad, Svart","209,00","523,00"
7314273104338,"Ofärgad, Svart","113,00","282,00"
7314273104604,"Ofärgad, Svart","322,00","805,00"
7314273104611,"Ofärgad, Svart","209,00","523,00"
7314273104635,"Ofärgad, Svart","113,00","282,00"
7314273107414,"Ofärgad, Svart","110,00","275,00"
7314274313104,Multi,"415,00","1,04"
7314274313111,Multi,"270,00","674,00"
7314274313135,Multi,"145,00","363,00"
7314274317522,Multi,"838,00","2,10"
7314274311124,Multi,"304,00","760,00"
7314274311223,Multi,"348,00","870,00"
7314274314101,Multi,"463,00","1,16"
7314274314118,Multi,"301,00","752,00"
7314274314132,Multi,"162,00","405,00"
7314274317416,Multi,"168,00","420,00"
7314274243104,"Ofärgad, Brun, Svart","362,00","905,00"
7314274243111,"Ofärgad, Brun, Svart","235,00","588,00"
7314274243135,"Ofärgad, Brun, Svart","127,00","317,00"
7314274247522,"Ofärgad, Brun, Svart","684,00","1,71"
7314274241124,"Ofärgad, Brun, Svart","265,00","663,00"
7314274241223,"Ofärgad, Brun, Svart","287,00","718,00"
7314274241421,"Ofärgad, Brun, Svart","322,00","805,00"
7314274241612,"Ofärgad, Brun, Svart","353,00","883,00"
7314274244101,"Ofärgad, Brun, Svart","423,00","1,06"
7314274244118,"Ofärgad, Brun, Svart","275,00","687,00"
7314274244132,"Ofärgad, Brun, Svart","148,00","370,00"
7314277834613,"Ofärgad, Röd","639,00","1,60"
7314277834514,"Ofärgad, Röd","714,00","1,79"
7314277834316,"Ofärgad, Röd","529,00","1,32"
7314277834217,"Ofärgad, Röd","485,00","1,21"
7314277834118,"Ofärgad, Röd","441,00","1,10"
7314274134358,"Ofärgad, Röd","217,00","543,00"
7314274350048,"Ofärgad, Röd","247,00","618,00"
7314274133108,"Ofärgad, Röd","362,00","905,00"
7314274133115,"Ofärgad, Röd","235,00","588,00"
7314274133139,"Ofärgad, Röd","127,00","317,00"
7314274137526,"Ofärgad, Röd","684,00","1,71"
7314274132408,"Ofärgad, Röd","362,00","905,00"
7314274131128,"Ofärgad, Röd","265,00","663,00"
7314274131227,"Ofärgad, Röd","287,00","718,00"
7314274131616,"Ofärgad, Röd","353,00","883,00"
7314274134105,"Ofärgad, Röd","423,00","1,06"
7314274134112,"Ofärgad, Röd","275,00","687,00"
7314274134136,"Ofärgad, Röd","148,00","370,00"
7314274137410,"Ofärgad, Röd","146,00","365,00"
7314274144357,"Ofärgad, Svart","217,00","543,00"
7314274350055,"Ofärgad, Svart","247,00","618,00"
7314274143107,"Ofärgad, Svart","362,00","905,00"
7314274143114,"Ofärgad, Svart","235,00","588,00"
7314274143138,"Ofärgad, Svart","127,00","317,00"
7314274147525,"Ofärgad, Svart","684,00","1,71"
7314274142407,"Ofärgad, Svart","362,00","905,00"
7314274141127,"Ofärgad, Svart","265,00","663,00"
7314274141226,"Ofärgad, Svart","287,00","718,00"
7314274141615,"Ofärgad, Svart","353,00","883,00"
7314274144104,"Ofärgad, Svart","423,00","1,06"
7314274144111,"Ofärgad, Svart","275,00","687,00"
7314274144135,"Ofärgad, Svart","148,00","370,00"
7314274147419,"Ofärgad, Svart","146,00","365,00"
7314274474355,"Ofärgad, Grå","204,00","510,00"
7314274350123,"Ofärgad, Grå","234,00","585,00"
7314274914356,"Ofärgad, Svart","235,00","588,00"
7314274350130,"Ofärgad, Svart","265,00","663,00"
7314274912406,"Ofärgad, Svart","362,00","905,00"
7314274911126,"Ofärgad, Svart","265,00","663,00"
7314274914110,"Ofärgad, Svart","289,00","723,00"
7314274921125,"Ofärgad, Svart","265,00","663,00"
7314274921422,"Ofärgad, Svart","322,00","805,00"
7314273247226,"Ofärgad, Grå","384,00","960,00"
7314273247233,"Ofärgad, Grå","485,00","1,21"
7314273246205,"Ofärgad, Grå","181,00","453,00"
7314273246403,"Ofärgad, Grå","181,00","453,00"
7314273246502,"Ofärgad, Grå","154,00","385,00"
7314273243808,"Ofärgad, Grå","304,00","760,00"
7314273243815,"Ofärgad, Grå","198,00","494,00"
7314273243839,"Ofärgad, Grå","106,00","266,00"
7314273247219,"Ofärgad, Grå","304,00","760,00"
7314273243105,"Ofärgad, Grå","273,00","683,00"
7314273243112,"Ofärgad, Grå","177,00","444,00"
7314273243136,"Ofärgad, Grå","96,00","239,00"
7314273243303,"Ofärgad, Grå","273,00","683,00"
7314273243310,"Ofärgad, Grå","177,00","444,00"
7314273243334,"Ofärgad, Grå","96,00","239,00"
7314273247516,"Ofärgad, Grå","538,00","1,35"
7314273247523,"Ofärgad, Grå","538,00","1,35"
7314273247530,"Ofärgad, Grå","856,00","2,14"
7314273247547,"Ofärgad, Grå","856,00","2,14"
7314273246212,"Ofärgad, Grå","229,00","573,00"
7314273246410,"Ofärgad, Grå","229,00","573,00"
7314273246519,"Ofärgad, Grå","198,00","495,00"
7314277241718,"Ofärgad, Grå","476,00","1190,00"
7314277241725,"Ofärgad, Grå","529,00","1323,00"
7314277242104,"Ofärgad, Grå","221,00","553,00"
7314277242111,"Ofärgad, Grå","278,00","695,00"
7314277242128,"Ofärgad, Grå","340,00","850,00"
7314277242135,"Ofärgad, Grå","397,00","993,00"
7314277242142,"Ofärgad, Grå","529,00","1,32"
7314277241213,"Ofärgad, Grå","498,00","1,25"
7314273242108,"Ofärgad, Grå","172,00","430,00"
7314273242207,"Ofärgad, Grå","198,00","495,00"
7314273242405,"Ofärgad, Grå","273,00","683,00"
7314273242412,"Ofärgad, Grå","304,00","760,00"
7314273242429,"Ofärgad, Grå","335,00","838,00"
7314273241118,"Ofärgad, Grå","198,00","495,00"
7314273241125,"Ofärgad, Grå","198,00","495,00"
7314273241217,"Ofärgad, Grå","229,00","573,00"
7314273241224,"Ofärgad, Grå","229,00","573,00"
7314273241354,"Ofärgad, Grå","260,00","650,00"
7314273241415,"Ofärgad, Grå","260,00","650,00"
7314273241422,"Ofärgad, Grå","260,00","650,00"
7314273241613,"Ofärgad, Grå","287,00","718,00"
7314273241620,"Ofärgad, Grå","287,00","718,00"
7314277241114,"Ofärgad, Grå","331,00","828,00"
7314273244102,"Ofärgad, Grå","322,00","805,00"
7314273244119,"Ofärgad, Grå","209,00","523,00"
7314273244133,"Ofärgad, Grå","113,00","282,00"
7314273244300,"Ofärgad, Grå","322,00","805,00"
7314273244317,"Ofärgad, Grå","209,00","523,00"
7314273244331,"Ofärgad, Grå","113,00","282,00"
7314273244607,"Ofärgad, Grå","322,00","805,00"
7314273244614,"Ofärgad, Grå","209,00","523,00"
7314273244638,"Ofärgad, Grå","113,00","282,00"
7314273247417,"Ofärgad, Grå","110,00","275,00"
7314273257225,"Ofärgad, Blå","384,00","960,00"
7314273257232,"Ofärgad, Blå","485,00","1,21"
7314273256204,"Ofärgad, Blå","181,00","453,00"
7314273256402,"Ofärgad, Blå","181,00","453,00"
7314273256501,"Ofärgad, Blå","154,00","385,00"
7314273253807,"Ofärgad, Blå","304,00","760,00"
7314273253814,"Ofärgad, Blå","198,00","494,00"
7314273253838,"Ofärgad, Blå","106,00","266,00"
7314273257218,"Ofärgad, Blå","304,00","760,00"
7314273253104,"Ofärgad, Blå","273,00","683,00"
7314273253111,"Ofärgad, Blå","177,00","444,00"
7314273253135,"Ofärgad, Blå","96,00","239,00"
7314273253302,"Ofärgad, Blå","273,00","683,00"
7314273253319,"Ofärgad, Blå","177,00","444,00"
7314273253333,"Ofärgad, Blå","96,00","239,00"
7314273257515,"Ofärgad, Blå","538,00","1,35"
7314273257522,"Ofärgad, Blå","538,00","1,35"
7314273257539,"Ofärgad, Blå","856,00","2,14"
7314273257546,"Ofärgad, Blå","856,00","2,14"
7314273256211,"Ofärgad, Blå","229,00","573,00"
7314273256419,"Ofärgad, Blå","229,00","573,00"
7314273256518,"Ofärgad, Blå","198,00","495,00"
7314277251717,"Ofärgad, Blå","476,00","1190,00"
7314277251724,"Ofärgad, Blå","529,00","1323,00"
7314277252103,"Ofärgad, Blå","221,00","553,00"
7314277252110,"Ofärgad, Blå","278,00","695,00"
7314277252127,"Ofärgad, Blå","340,00","850,00"
7314277252134,"Ofärgad, Blå","397,00","993,00"
7314277252141,"Ofärgad, Blå","529,00","1,32"
7314277251212,"Ofärgad, Blå","498,00","1,25"
7314273252107,"Ofärgad, Blå","172,00","430,00"
7314273252206,"Ofärgad, Blå","198,00","495,00"
7314273252404,"Ofärgad, Blå","273,00","683,00"
7314273252411,"Ofärgad, Blå","304,00","760,00"
7314273252428,"Ofärgad, Blå","335,00","838,00"
7314273251117,"Ofärgad, Blå","198,00","495,00"
7314273251124,"Ofärgad, Blå","198,00","495,00"
7314273251216,"Ofärgad, Blå","229,00","573,00"
7314273251223,"Ofärgad, Blå","229,00","573,00"
7314273251353,"Ofärgad, Blå","260,00","650,00"
7314273251414,"Ofärgad, Blå","260,00","650,00"
7314273251421,"Ofärgad, Blå","260,00","650,00"
7314273251612,"Ofärgad, Blå","287,00","718,00"
7314273251629,"Ofärgad, Blå","287,00","718,00"
7314277251113,"Ofärgad, Blå","331,00","828,00"
7314273254101,"Ofärgad, Blå","322,00","805,00"
7314273254118,"Ofärgad, Blå","209,00","523,00"
7314273254132,"Ofärgad, Blå","113,00","282,00"
7314273254309,"Ofärgad, Blå","322,00","805,00"
7314273254316,"Ofärgad, Blå","209,00","523,00"
7314273254330,"Ofärgad, Blå","113,00","282,00"
7314273254606,"Ofärgad, Blå","322,00","805,00"
7314273254613,"Ofärgad, Blå","209,00","523,00"
7314273254637,"Ofärgad, Blå","113,00","282,00"
7314273257416,"Ofärgad, Blå","110,00","275,00"
7314276506610,Ofärgad,"362,00","905,00"
7314276506504,Ofärgad,"331,00","828,00"
7314276506511,Ofärgad,"215,00","538,00"
7314276506535,Ofärgad,"116,00","290,00"
7314274253301,"Ofärgad, Brun, Grön","362,00","905,00"
7314274253318,"Ofärgad, Brun, Grön","235,00","588,00"
7314274253332,"Ofärgad, Brun, Grön","127,00","317,00"
7314274257521,"Ofärgad, Brun, Grön","684,00","1,71"
7314274251123,"Ofärgad, Brun, Grön","265,00","663,00"
7314274251222,"Ofärgad, Brun, Grön","287,00","718,00"
7314274254308,"Ofärgad, Brun, Grön","423,00","1,06"
7314274254315,"Ofärgad, Brun, Grön","275,00","687,00"
7314274254339,"Ofärgad, Brun, Grön","148,00","370,00"
7314274257415,"Ofärgad, Brun, Grön","146,00","365,00"